,Id,WnvPresent
0,0,9.32551871144276e-21
1,1,0.9969781637191772
2,2,1.5528533320319227e-11
3,3,0.9715194702148438
4,4,0.004552317783236504
5,5,0.7587763071060181
6,6,0.0029656754340976477
7,7,2.071910198964133e-09
8,8,0.0
9,9,1.2298898011131598e-11
10,10,2.638004662003368e-05
11,11,6.546298966691565e-20
12,12,4.9853399104904383e-05
13,13,1.575595888425596e-05
14,14,6.222873660187119e-15
15,15,6.776722564012696e-16
16,16,4.825407295960815e-10
17,17,0.18373042345046997
18,18,0.064633309841156
19,19,1.604857629899925e-06
20,20,0.0001629205362405628
21,21,0.00036314528551883996
22,22,5.9692130889743567e-05
23,23,0.6792816519737244
24,24,1.517692638230983e-10
25,25,0.015707217156887054
26,26,0.0004531554877758026
27,27,0.004269026685506105
28,28,3.2577254419592365e-17
29,29,0.0
30,30,5.497463180110763e-26
31,31,0.0
32,32,2.1400946065199683e-13
33,33,0.525201678276062
34,34,9.554115276699804e-10
35,35,0.0004414077557157725
36,36,1.9072337043013476e-09
37,37,0.07331431657075882
38,38,0.06173017993569374
39,39,0.24205763638019562
40,40,2.5315176022653508e-20
41,41,0.9990220069885254
42,42,0.3404034376144409
43,43,4.4191088505521336e-13
44,44,0.00020919980306643993
45,45,0.41920047998428345
46,46,9.163293497145751e-31
47,47,2.0146899556636177e-13
48,48,1.809132921569321e-19
49,49,0.009356615133583546
50,50,1.0831111504643331e-23
51,51,1.5900714600522145e-31
52,52,6.248467980185524e-05
53,53,5.794671269932027e-38
54,54,0.0
55,55,0.9882539510726929
56,56,0.00022890049149282277
57,57,0.010659277439117432
58,58,2.995583372467081e-06
59,59,0.02776338905096054
60,60,0.8991584777832031
61,61,9.634996103461798e-26
62,62,0.0
63,63,7.342826847889228e-06
64,64,5.929080282431965e-15
65,65,1.5435909877372418e-17
66,66,0.0
67,67,2.3878851860366596e-28
68,68,0.9169502854347229
69,69,0.9862085580825806
70,70,0.9593626856803894
71,71,2.257197735389127e-07
72,72,7.784638109348362e-27
73,73,0.0016973812598735094
74,74,1.33107836248605e-27
75,75,1.0786208081217663e-12
76,76,8.997387384199509e-29
77,77,1.1416141575126853e-21
78,78,1.4728809006392182e-19
79,79,5.557762960961554e-06
80,80,4.207810866031108e-16
81,81,4.897818132370997e-17
82,82,3.361214476171881e-05
83,83,9.03878145663839e-08
84,84,0.9991520643234253
85,85,0.0
86,86,0.003665562719106674
87,87,4.868028732214518e-19
88,88,0.9890860319137573
89,89,0.12294012308120728
90,90,3.099931200267747e-05
91,91,1.802274891815614e-05
92,92,0.002830180339515209
93,93,6.355854837720589e-23
94,94,2.5820121041242317e-10
95,95,1.3338033802434701e-11
96,96,4.64026723749358e-28
97,97,2.296324452749416e-31
98,98,1.5032097879912046e-18
99,99,0.6846334338188171
100,100,8.884525060093296e-11
101,101,4.839589228779179e-19
102,102,3.1397728861293217e-10
103,103,4.849613333135494e-08
104,104,3.4392054934564715e-16
105,105,5.768094979430316e-07
106,106,1.1709953469107859e-05
107,107,0.022213509306311607
108,108,0.037621382623910904
109,109,0.9854560494422913
110,110,2.0112791128698767e-18
111,111,0.0005015960778109729
112,112,0.9994481205940247
113,113,0.9983083009719849
114,114,7.159466150109501e-26
115,115,0.9161614775657654
116,116,3.758018340960234e-09
117,117,3.0069872082094662e-05
118,118,9.670765056812858e-12
119,119,0.0
120,120,7.588410943960443e-16
121,121,0.0
122,122,3.4493942068995564e-20
123,123,1.5090717812458933e-16
124,124,6.706570715442339e-11
125,125,7.148832992243115e-08
126,126,0.0
127,127,0.0015785093419253826
128,128,5.2515377319650725e-05
129,129,0.0
130,130,9.218655350196059e-08
131,131,1.6082612045329742e-25
132,132,0.0
133,133,0.9999569654464722
134,134,0.0035360322799533606
135,135,0.013895653188228607
136,136,0.0001609985192772001
137,137,7.277462282218039e-05
138,138,0.007795171346515417
139,139,0.0010214302456006408
140,140,9.092263297816316e-08
141,141,8.463880152298486e-10
142,142,0.0
143,143,0.9999300241470337
144,144,1.5060124041195292e-16
145,145,0.0
146,146,1.0088163811261541e-11
147,147,1.747095023099237e-27
148,148,2.7075530706355266e-09
149,149,6.7663132041762e-12
150,150,0.5038515329360962
151,151,6.683443056560413e-19
152,152,0.1712084859609604
153,153,0.0
154,154,0.21521879732608795
155,155,6.029276656795623e-15
156,156,0.9780591726303101
157,157,0.0050287311896681786
158,158,0.0
159,159,0.016377033665776253
160,160,1.180648027260256e-11
161,161,3.2747628664776124e-14
162,162,8.895473308220066e-16
163,163,0.001810084329918027
164,164,6.55439091890031e-10
165,165,0.9939572811126709
166,166,3.0719846513691413e-19
167,167,0.0015560471219941974
168,168,0.0
169,169,9.343241424622524e-23
170,170,5.232526291365502e-06
171,171,4.505351114403311e-08
172,172,6.625116839131806e-06
173,173,0.00010373138502473012
174,174,4.7027963798575503e-14
175,175,0.3301074206829071
176,176,0.00010253542131977156
177,177,1.3529793818634062e-07
178,178,0.9536759257316589
179,179,1.8919667610362012e-08
180,180,6.2871500226995416e-24
181,181,0.027420619502663612
182,182,7.245467552998572e-17
183,183,0.9998835325241089
184,184,0.9866437315940857
185,185,0.0
186,186,3.7884301251622787e-10
187,187,3.989829565398395e-05
188,188,0.9997285008430481
189,189,0.1964217722415924
190,190,6.151975685497746e-05
191,191,1.33852265950009e-27
192,192,1.9204563272978703e-08
193,193,7.33933467023559e-22
194,194,0.00033323653042316437
195,195,0.0033607729710638523
196,196,0.8866426944732666
197,197,5.5338396975912474e-08
198,198,0.0006815919186919928
199,199,0.0007861224003136158
200,200,0.09226462244987488
201,201,0.035055916756391525
202,202,0.0010742924641817808
203,203,1.6073154570140726e-19
204,204,3.149017875494479e-23
205,205,2.2141305963557394e-32
206,206,4.828588498639874e-05
207,207,8.542868018893146e-13
208,208,0.0
209,209,0.007856873795390129
210,210,8.923689475604202e-22
211,211,2.1583485931842006e-07
212,212,8.563261211236295e-09
213,213,9.10222922811954e-07
214,214,1.8942468427152193e-10
215,215,3.727635703398846e-05
216,216,2.787471053977697e-08
217,217,1.3703790102681523e-07
218,218,1.628931324698308e-27
219,219,6.449852207879303e-08
220,220,0.0
221,221,9.868589279093953e-10
222,222,1.230247455805623e-28
223,223,2.0329112885519862e-05
224,224,9.455089156062968e-08
225,225,0.000236508043599315
226,226,0.4192214906215668
227,227,0.0
228,228,6.080783457691091e-23
229,229,0.0
230,230,0.9783642888069153
231,231,2.0939614625570258e-11
232,232,0.00020716246217489243
233,233,0.37715891003608704
234,234,0.0006650066934525967
235,235,2.8260836003395807e-28
236,236,3.948923716032304e-16
237,237,1.7772558180695341e-07
238,238,9.963694225234576e-08
239,239,0.18247762322425842
240,240,1.0420422655887792e-17
241,241,0.0
242,242,0.0
243,243,3.263938594955107e-07
244,244,5.133535159318803e-17
245,245,1.0820179340953473e-05
246,246,2.427377632230332e-09
247,247,2.2863117919769138e-05
248,248,0.026096241548657417
249,249,0.08283788710832596
250,250,4.917103021172058e-16
251,251,0.0
252,252,4.4547011072331236e-14
253,253,5.295578375807963e-06
254,254,0.002673695096746087
255,255,0.0
256,256,1.6735613392174488e-37
257,257,5.91676067949326e-13
258,258,0.0
259,259,0.0008829553844407201
260,260,0.0
261,261,4.607481757235021e-11
262,262,0.837051272392273
263,263,0.0
264,264,0.0
265,265,2.6958551063950324e-28
266,266,3.213506261090515e-06
267,267,8.331891876878217e-06
268,268,2.880115633832614e-12
269,269,0.7733796238899231
270,270,1.4221218113027735e-30
271,271,1.292439349986907e-10
272,272,0.0010646887822076678
273,273,0.3858220875263214
274,274,0.8344465494155884
275,275,1.4772390125386559e-15
276,276,0.004576009698212147
277,277,0.7307085990905762
278,278,0.0
279,279,5.176760850993571e-24
280,280,0.0
281,281,0.005471373442560434
282,282,7.428740218529128e-07
283,283,2.0567720639519393e-05
284,284,0.21840667724609375
285,285,1.1389904644443227e-11
286,286,3.121156015141444e-21
287,287,5.188237745867949e-35
288,288,0.9953959584236145
289,289,6.154230902666313e-09
290,290,0.6792806386947632
291,291,1.7405120678049002e-09
292,292,1.5946116430158774e-20
293,293,0.5762729048728943
294,294,6.332056447419217e-26
295,295,2.8206389049470314e-17
296,296,1.187597085398968e-38
297,297,2.47490005919615e-12
298,298,0.019844848662614822
299,299,4.0542982304714315e-09
300,300,0.0
301,301,0.00255508697591722
302,302,0.003377300687134266
303,303,0.37721893191337585
304,304,1.5073659525331052e-27
305,305,1.006863897812238e-10
306,306,1.3900656884238694e-12
307,307,0.0038061696104705334
308,308,0.17088989913463593
309,309,0.016171062365174294
310,310,0.00315591087564826
311,311,4.5330212125225625e-34
312,312,0.002688368782401085
313,313,0.7306234836578369
314,314,4.274689493890817e-18
315,315,2.8365432171995053e-06
316,316,1.3282583033458195e-08
317,317,0.016662804409861565
318,318,0.09192363917827606
319,319,0.00018008619372267276
320,320,0.0009965202771127224
321,321,0.9967357516288757
322,322,0.9836087822914124
323,323,1.4369578525122093e-14
324,324,0.009538649581372738
325,325,1.5184795074674184e-06
326,326,8.105810828925585e-18
327,327,0.0007451947894878685
328,328,0.0007083663367666304
329,329,0.05693649500608444
330,330,1.8784387378900647e-09
331,331,0.5914404392242432
332,332,0.0
333,333,0.8914783596992493
334,334,0.00014337070751935244
335,335,0.995893120765686
336,336,2.9132279921739723e-11
337,337,0.004505583550781012
338,338,1.851750345166731e-29
339,339,0.678255021572113
340,340,0.0006664942484349012
341,341,0.03184713423252106
342,342,0.00036463592550717294
343,343,8.725145438090169e-17
344,344,9.877146843473295e-12
345,345,0.002242449903860688
346,346,0.0013783001340925694
347,347,3.048811813211126e-26
348,348,0.19492745399475098
349,349,0.00014492800983134657
350,350,7.108452959288594e-15
351,351,0.9999445676803589
352,352,0.44034138321876526
353,353,3.866343099107583e-17
354,354,0.7477215528488159
355,355,0.0003835405223071575
356,356,2.613554357488972e-25
357,357,3.1600588812352726e-08
358,358,1.0364060090960756e-15
359,359,6.195114777986117e-30
360,360,0.0
361,361,0.04469725489616394
362,362,1.54156271081618e-11
363,363,0.0
364,364,2.98491857054113e-34
365,365,0.007180412765592337
366,366,3.22930623042339e-06
367,367,4.362645510938989e-17
368,368,0.01678813435137272
369,369,3.0050859023411647e-10
370,370,3.6798583826333125e-25
371,371,7.361099414993078e-05
372,372,3.020871248932022e-37
373,373,1.2444967069313861e-05
374,374,1.9592239289267788e-11
375,375,1.5904232855114156e-31
376,376,0.0023919129744172096
377,377,1.2192791121541887e-18
378,378,1.23018195630209e-09
379,379,1.9308354805485846e-27
380,380,0.0025029261596500874
381,381,9.336403309134766e-06
382,382,2.921141959233374e-32
383,383,0.0
384,384,0.00017888190632220358
385,385,2.763306179170611e-19
386,386,8.168070780811831e-05
387,387,0.4403626024723053
388,388,0.0004988072905689478
389,389,1.2325988008043964e-09
390,390,0.4718296229839325
391,391,0.8346350193023682
392,392,2.018383045277149e-31
393,393,1.6188411851266689e-26
394,394,3.615833322229927e-26
395,395,0.050143126398324966
396,396,0.0
397,397,0.0004002917848993093
398,398,0.0015335119096562266
399,399,3.1238613140421034e-35
400,400,3.371654031525395e-07
401,401,7.919481070928214e-09
402,402,5.08980878277665e-13
403,403,0.0004790069651789963
404,404,0.5866958498954773
405,405,0.2724066972732544
406,406,0.0057496577501297
407,407,5.192966612277417e-10
408,408,0.6792812943458557
409,409,3.252867634530051e-26
410,410,0.00019753145170398057
411,411,0.012703669257462025
412,412,2.4857365077038435e-21
413,413,2.916618675338509e-34
414,414,0.981423020362854
415,415,0.0
416,416,3.4265860904270085e-07
417,417,3.3561793344460966e-09
418,418,0.00218493165448308
419,419,1.7774713628458258e-22
420,420,2.3285122097149724e-06
421,421,1.6723692301465038e-28
422,422,3.078492909480701e-07
423,423,0.007342594210058451
424,424,0.0887649729847908
425,425,1.3466472674385915e-13
426,426,0.0
427,427,8.828311365505215e-06
428,428,0.9995332956314087
429,429,0.0
430,430,5.8902933669075355e-34
431,431,0.0
432,432,0.6792818307876587
433,433,0.3693799674510956
434,434,8.660728781251237e-06
435,435,4.0492661506398044e-17
436,436,0.0003040156443603337
437,437,0.04519717022776604
438,438,1.251508967260121e-15
439,439,0.002162173856049776
440,440,5.087771093315041e-09
441,441,0.0016376870917156339
442,442,4.4021228329249595e-10
443,443,0.9058941602706909
444,444,5.33715393904605e-33
445,445,1.034427714330377e-05
446,446,0.0031871143728494644
447,447,0.00040693837217986584
448,448,0.0
449,449,5.841858728672378e-05
450,450,5.024611482440378e-07
451,451,0.752916157245636
452,452,0.9953763484954834
453,453,2.4628453897414535e-38
454,454,0.0005545169115066528
455,455,0.093393474817276
456,456,2.720321128820268e-33
457,457,0.47713956236839294
458,458,0.00028728815959766507
459,459,9.997569147009087e-29
460,460,0.0
461,461,4.551273385140849e-31
462,462,0.002124125137925148
463,463,1.202930550309178e-12
464,464,2.008037881751079e-05
465,465,0.0
466,466,2.2450491118930493e-11
467,467,0.9183850288391113
468,468,3.8869708030075795e-33
469,469,3.1762981507199584e-06
470,470,6.483933032114824e-23
471,471,0.9962224960327148
472,472,3.940804760476264e-20
473,473,1.1776549282470085e-29
474,474,0.00012891218648292124
475,475,0.009175642393529415
476,476,1.2520420114014996e-06
477,477,0.0
478,478,0.0017880864907056093
479,479,1.5480033384227268e-30
480,480,0.0
481,481,1.6917052203524463e-09
482,482,0.00014433044998440892
483,483,3.8632467180832464e-07
484,484,0.0002328284172108397
485,485,0.9977939128875732
486,486,7.86329671457211e-23
487,487,3.782294299981004e-07
488,488,0.01530187763273716
489,489,2.0445314885542132e-10
490,490,0.0
491,491,0.029611891135573387
492,492,8.150858121780402e-08
493,493,2.071512015741628e-12
494,494,3.390756913527332e-13
495,495,9.319332333716842e-28
496,496,5.3928675761150124e-12
497,497,3.506737300540408e-08
498,498,7.730495417490602e-05
499,499,6.221225703484379e-06
500,500,1.1351628054709417e-18
501,501,0.0026342335622757673
502,502,3.875889331705906e-10
503,503,0.12840157747268677
504,504,8.420947296970755e-37
505,505,3.1985385362531815e-07
506,506,2.7451658752397634e-05
507,507,0.0004651951021514833
508,508,0.0011772632133215666
509,509,0.0
510,510,0.0025644199922680855
511,511,1.4571320180901501e-27
512,512,0.0
513,513,7.969100934701601e-10
514,514,5.8525574786472134e-06
515,515,6.533447698055659e-21
516,516,0.0024853553622961044
517,517,0.0
518,518,0.0
519,519,0.9782081246376038
520,520,7.355801384667515e-11
521,521,0.2797401547431946
522,522,0.0
523,523,2.8711772781432935e-22
524,524,0.006335138343274593
525,525,0.45794403553009033
526,526,0.0005724382936023176
527,527,5.320383513729834e-18
528,528,0.0
529,529,3.22058796298208e-10
530,530,5.003623300581239e-06
531,531,5.451258567362043e-30
532,532,0.6792795062065125
533,533,1.447289452961002e-25
534,534,7.460622831328978e-13
535,535,0.26393359899520874
536,536,9.869030072329199e-12
537,537,0.0004593892954289913
538,538,1.8579652532935143e-05
539,539,6.625572041230043e-06
540,540,4.504259253480841e-31
541,541,2.3753334017732324e-25
542,542,0.809565007686615
543,543,2.205150622103247e-06
544,544,0.0
545,545,0.999913215637207
546,546,0.9669623374938965
547,547,4.94426706454926e-37
548,548,0.0
549,549,0.0
550,550,0.0007936334004625678
551,551,0.9995322227478027
552,552,4.1262620731676896e-26
553,553,3.694899760375847e-06
554,554,0.7580684423446655
555,555,4.969696355658262e-16
556,556,1.821010255709112e-31
557,557,0.0
558,558,1.552245620928261e-08
559,559,1.0663678144092887e-23
560,560,0.0020206691697239876
561,561,0.06799554824829102
562,562,0.0019082468934357166
563,563,9.216037964638386e-19
564,564,0.9955260157585144
565,565,1.9498201423823873e-28
566,566,6.816695339195382e-18
567,567,1.056674448732687e-14
568,568,0.5250643491744995
569,569,0.6792818903923035
570,570,0.0013935852330178022
571,571,0.0
572,572,5.838852416850154e-37
573,573,1.712398784547986e-06
574,574,0.0003112991980742663
575,575,2.9526344746955147e-07
576,576,0.9998986721038818
577,577,0.9977532029151917
578,578,0.0
579,579,2.340003726872525e-27
580,580,0.3329966962337494
581,581,7.457869738436429e-11
582,582,2.4750511969789946e-12
583,583,2.154618733827959e-20
584,584,2.23832420426142e-14
585,585,0.29475051164627075
586,586,3.498237219901057e-07
587,587,0.6658046245574951
588,588,1.2057388421027326e-10
589,589,1.1511886441439856e-05
590,590,0.0
591,591,0.0
592,592,1.200803128806327e-12
593,593,0.0
594,594,9.338812004527214e-14
595,595,0.0
596,596,5.609050444049192e-28
597,597,2.0476485627981136e-26
598,598,1.9690295971486194e-07
599,599,0.0015777683584019542
600,600,2.0423155354387657e-12
601,601,0.000449083570856601
602,602,5.1924672561654006e-08
603,603,5.079458040161203e-14
604,604,0.02939019538462162
605,605,1.0609884835441653e-21
606,606,9.26761822483968e-06
607,607,4.686949784215225e-20
608,608,0.49473050236701965
609,609,0.00047787322546355426
610,610,4.108760044436305e-13
611,611,1.0630332334879422e-12
612,612,0.007854246534407139
613,613,0.0
614,614,8.309511065340836e-12
615,615,0.003397645428776741
616,616,0.9948659539222717
617,617,0.19056357443332672
618,618,3.755680052434755e-14
619,619,0.0008942504064179957
620,620,2.767638668208787e-29
621,621,2.759400989526332e-32
622,622,0.00010209996980847791
623,623,0.005901942029595375
624,624,5.929001734017447e-11
625,625,1.82317929642295e-08
626,626,0.9792196750640869
627,627,0.08362265676259995
628,628,4.701456696025934e-34
629,629,8.343354238074988e-27
630,630,0.03280912712216377
631,631,0.6201274394989014
632,632,9.214198345835794e-29
633,633,7.057362381601706e-05
634,634,0.007248081266880035
635,635,0.0
636,636,4.177654773229733e-05
637,637,0.9943023920059204
638,638,1.1881797629120783e-11
639,639,9.389457034103543e-08
640,640,1.1690405588016262e-11
641,641,0.9998540878295898
642,642,0.2638794481754303
643,643,2.725880108300771e-07
644,644,6.622400633204961e-06
645,645,0.0
646,646,8.336425025845529e-07
647,647,5.8045185866044075e-37
648,648,1.5005651352357368e-15
649,649,6.901004212522821e-07
650,650,0.959170401096344
651,651,7.692703458267048e-29
652,652,8.845697611892245e-12
653,653,1.2136766036618951e-09
654,654,0.004977482836693525
655,655,0.00039537460543215275
656,656,6.848079398816257e-17
657,657,0.6883750557899475
658,658,0.005463040433824062
659,659,0.010563240386545658
660,660,0.001730051590129733
661,661,0.6792819499969482
662,662,2.0191439676194465e-25
663,663,1.5247049304889515e-05
664,664,5.087317589413942e-08
665,665,9.014178292687802e-12
666,666,0.0
667,667,4.81810093333479e-06
668,668,4.406812422530493e-06
669,669,0.009168310090899467
670,670,3.3351779033078264e-28
671,671,0.0016445504734292626
672,672,0.03312632068991661
673,673,0.0014765439555048943
674,674,9.73876885836944e-05
675,675,8.157903863548199e-08
676,676,1.0233060265818494e-06
677,677,1.0381912690649031e-10
678,678,0.008054505102336407
679,679,3.1777751799730953e-15
680,680,0.40220871567726135
681,681,1.91810926292178e-31
682,682,0.4769718050956726
683,683,0.8523909449577332
684,684,9.340549167458079e-12
685,685,0.0350826233625412
686,686,2.6081475304126633e-13
687,687,0.6792809963226318
688,688,6.279291153703458e-23
689,689,0.48568210005760193
690,690,3.608934662224783e-08
691,691,0.0075803580693900585
692,692,9.419295042296244e-14
693,693,0.00013463925279211253
694,694,8.776082500964414e-25
695,695,0.03337574377655983
696,696,0.05460817366838455
697,697,8.359151293257835e-28
698,698,2.241086622234434e-05
699,699,7.754007214089143e-08
700,700,2.979113470128435e-14
701,701,4.230200276167644e-15
702,702,0.0015747989527881145
703,703,1.9048680995556583e-38
704,704,0.11444181948900223
705,705,8.497812870045252e-11
706,706,6.535505263241298e-32
707,707,3.4084849743001855e-13
708,708,2.089479676214978e-05
709,709,1.3928897359001973e-27
710,710,3.3057075809671746e-33
711,711,3.457301112064215e-11
712,712,0.05797380208969116
713,713,0.9995754361152649
714,714,2.0195850325421816e-08
715,715,0.0
716,716,0.0
717,717,1.2578496352944057e-05
718,718,1.8729889861290872e-10
719,719,4.854173054179379e-28
720,720,0.004515186417847872
721,721,9.013033377414104e-06
722,722,8.926393435322584e-19
723,723,3.843048374092911e-26
724,724,0.0
725,725,5.500318366102874e-05
726,726,1.1866256421910748e-08
727,727,0.00020141185086686164
728,728,2.310385932905723e-36
729,729,9.379782506258039e-10
730,730,1.0926848104055622e-16
731,731,3.5511912246872393e-25
732,732,6.100015634003721e-17
733,733,0.0006151804118417203
734,734,4.1128203065454727e-07
735,735,1.3846073835478072e-15
736,736,0.0
737,737,3.8153131370378957e-13
738,738,0.00035213198862038553
739,739,9.302208661557745e-14
740,740,4.334129038347652e-18
741,741,7.88435202542237e-12
742,742,8.196625917110885e-28
743,743,0.0025793835520744324
744,744,5.9030962802353315e-06
745,745,0.0
746,746,0.4403707683086395
747,747,0.004583676811307669
748,748,0.0004657315439544618
749,749,0.0020212267991155386
750,750,0.38034820556640625
751,751,0.021409453824162483
752,752,7.837797382820774e-19
753,753,0.5556986927986145
754,754,0.4403550624847412
755,755,0.9859464764595032
756,756,3.98570598747483e-09
757,757,0.009292582049965858
758,758,2.3118380040182407e-12
759,759,1.0264854697664529e-25
760,760,1.0739606838853629e-16
761,761,7.653270586160943e-06
762,762,1.0054965459492672e-23
763,763,6.428582666195837e-11
764,764,2.176934082923291e-27
765,765,6.05581262789201e-05
766,766,9.294219040223428e-12
767,767,5.219192566662255e-32
768,768,1.0448170594972006e-16
769,769,1.1693670865186263e-32
770,770,7.98094248466441e-08
771,771,1.6716814824041208e-19
772,772,0.0034067751839756966
773,773,9.693953929891056e-17
774,774,7.244538574013859e-05
775,775,3.497295023567083e-14
776,776,0.00047957917558960617
777,777,0.018667170777916908
778,778,2.64251763687068e-17
779,779,1.3232567457855338e-34
780,780,1.1005884516634978e-05
781,781,6.9198063101794105e-06
782,782,4.556016210699454e-05
783,783,6.750020986601157e-08
784,784,8.479704547426081e-07
785,785,0.0008356928010471165
786,786,2.1012616314289366e-16
787,787,0.006825312040746212
788,788,0.0
789,789,0.0
790,790,1.0614754165954825e-34
791,791,1.094830111014744e-07
792,792,0.9996227025985718
793,793,0.0001375572755932808
794,794,9.761955843173217e-21
795,795,0.5263954997062683
796,796,0.0009315583156421781
797,797,5.370961273761042e-16
798,798,3.0347460141677697e-20
799,799,8.192109874858514e-24
800,800,0.5849965810775757
801,801,2.1791515258939853e-09
802,802,5.531895716009963e-20
803,803,5.237016011960804e-07
804,804,1.2474689287753391e-27
805,805,0.9987860321998596
806,806,0.10328854620456696
807,807,0.0010553060565143824
808,808,1.0874058146540237e-35
809,809,2.1919677806181426e-07
810,810,3.3858311878109424e-25
811,811,0.0
812,812,5.429002733481347e-11
813,813,6.118891809465076e-25
814,814,0.0
815,815,2.2089616594223038e-11
816,816,1.3000548904074094e-07
817,817,9.483789654041175e-06
818,818,9.897899280382945e-18
819,819,0.0001662317372392863
820,820,1.4195313437914369e-22
821,821,0.009550058282911777
822,822,0.31773918867111206
823,823,9.931524325807947e-14
824,824,0.6792803406715393
825,825,3.784374918337154e-27
826,826,9.067796781891957e-06
827,827,2.1397386640309435e-10
828,828,3.090850815359373e-34
829,829,0.0029920621309429407
830,830,3.868117631755652e-11
831,831,6.184370930536727e-15
832,832,0.00018341554095968604
833,833,7.202542747108964e-06
834,834,0.8148661851882935
835,835,5.247883564152289e-06
836,836,0.011114668101072311
837,837,0.5613894462585449
838,838,1.670663390615501e-13
839,839,7.629005267517641e-06
840,840,0.8377841711044312
841,841,2.965338694593811e-07
842,842,0.0
843,843,0.361599326133728
844,844,0.001368452562019229
845,845,0.0021141013130545616
846,846,0.8249416947364807
847,847,4.68175821879413e-05
848,848,0.989463210105896
849,849,0.9948268532752991
850,850,2.9329074280326495e-08
851,851,0.0
852,852,0.0
853,853,2.3373756263822543e-09
854,854,0.01909603364765644
855,855,5.5684369726805016e-05
856,856,0.0001188857713714242
857,857,0.0001631963677937165
858,858,0.9999275207519531
859,859,1.1002873457314516e-19
860,860,3.796365444230787e-10
861,861,0.001330021070316434
862,862,0.7499960064888
863,863,8.676392471577477e-16
864,864,1.109366931650868e-09
865,865,0.0019337668782100081
866,866,1.8009332052315585e-05
867,867,0.001578564872033894
868,868,0.0
869,869,0.0
870,870,4.883413361029815e-18
871,871,0.00025090458802878857
872,872,3.550648791146107e-18
873,873,0.02710140123963356
874,874,0.0
875,875,2.860056755229351e-13
876,876,0.0019609511364251375
877,877,0.8940759897232056
878,878,8.266041130034922e-23
879,879,0.0031063109636306763
880,880,8.722406164451968e-06
881,881,0.7308788299560547
882,882,9.36237753990099e-09
883,883,0.000100679237220902
884,884,4.695711197655328e-08
885,885,0.5247898101806641
886,886,0.018679646775126457
887,887,0.0007319736760109663
888,888,0.9997259974479675
889,889,0.0024591919500380754
890,890,0.0
891,891,0.0016748879570513964
892,892,0.555675745010376
893,893,1.0370931612658132e-17
894,894,1.1378769158909563e-05
895,895,1.4436343017277392e-13
896,896,0.0004036310128867626
897,897,1.150006937677972e-05
898,898,2.0392640180944e-06
899,899,0.00034306442830711603
900,900,0.8590450882911682
901,901,0.002568247728049755
902,902,1.7521967406476968e-24
903,903,0.5259515047073364
904,904,0.33110135793685913
905,905,8.953593993452554e-22
906,906,3.2497800413034196e-18
907,907,8.783810484525034e-12
908,908,7.184510053548365e-08
909,909,0.926116406917572
910,910,3.194164673527546e-26
911,911,1.31596596336137e-29
912,912,0.9799050092697144
913,913,3.2062641430741223e-10
914,914,2.538983210342849e-07
915,915,1.0251423709917162e-08
916,916,2.3444405087502673e-05
917,917,3.2430892228977225e-20
918,918,3.4497151091272826e-07
919,919,0.3221551775932312
920,920,0.4848868250846863
921,921,1.8921628299155562e-18
922,922,5.011831622889636e-37
923,923,0.0017302492633461952
924,924,0.00793931633234024
925,925,1.7483726272304878e-11
926,926,0.0
927,927,0.8703160285949707
928,928,0.9177208542823792
929,929,0.9823577404022217
930,930,0.0028595561161637306
931,931,1.554895243316423e-05
932,932,0.8217432498931885
933,933,1.2026563420272293e-14
934,934,2.2319389297683493e-17
935,935,4.0398896089755e-05
936,936,1.8004373103508442e-08
937,937,5.468003291753121e-05
938,938,0.023121677339076996
939,939,0.007602433208376169
940,940,5.398065283657161e-08
941,941,0.0068807885982096195
942,942,0.00016708621114958078
943,943,1.9167263332064977e-09
944,944,0.0039373887702822685
945,945,0.000551706412807107
946,946,2.141665300186781e-33
947,947,0.44034066796302795
948,948,5.5174780548683914e-21
949,949,7.942921118692982e-37
950,950,0.0019417742732912302
951,951,1.0901021404996492e-11
952,952,0.010556329973042011
953,953,6.993286092438211e-07
954,954,0.09701334685087204
955,955,1.1207038715013024e-14
956,956,1.0119026487022955e-24
957,957,0.6792811155319214
958,958,0.010632789693772793
959,959,0.19152404367923737
960,960,3.1974187913997696e-34
961,961,2.633243170899474e-37
962,962,1.284886880270282e-24
963,963,0.0022841827012598515
964,964,8.797256668913178e-06
965,965,0.009684639051556587
966,966,1.268204812276963e-07
967,967,1.1583096011236194e-06
968,968,0.9833806753158569
969,969,0.1041468158364296
970,970,0.0
971,971,0.0005021322867833078
972,972,1.6798662814632085e-24
973,973,0.031414471566677094
974,974,5.088321430868348e-10
975,975,7.177421434967357e-10
976,976,0.0
977,977,0.7746636271476746
978,978,5.456746708133731e-13
979,979,9.451785444980487e-05
980,980,0.07410789281129837
981,981,0.016786426305770874
982,982,1.4586846646125196e-06
983,983,6.939387866417013e-12
984,984,0.00953200738877058
985,985,0.0
986,986,0.015406039543449879
987,987,1.6979940653527592e-07
988,988,0.006727034226059914
989,989,0.0
990,990,4.865460925861445e-14
991,991,0.9447280764579773
992,992,6.038293779916937e-13
993,993,9.875047446428198e-10
994,994,0.0029640193097293377
995,995,0.00013450656842906028
996,996,4.96568652863516e-09
997,997,5.8106999505019975e-22
998,998,0.003147322218865156
999,999,0.0
1000,1000,2.87075113680757e-10
1001,1001,0.42762118577957153
1002,1002,2.251178572981044e-13
1003,1003,1.0055889280990993e-11
1004,1004,1.200640616253044e-27
1005,1005,1.6363439905937316e-18
1006,1006,6.644522443366441e-08
1007,1007,0.0
1008,1008,0.000500934780575335
1009,1009,0.0
1010,1010,0.5417109131813049
1011,1011,5.732493906646097e-12
1012,1012,0.002367947017773986
1013,1013,0.8565128445625305
1014,1014,0.0
1015,1015,2.1100092159609396e-12
1016,1016,0.9787550568580627
1017,1017,1.0941177199184777e-27
1018,1018,1.3705787750950549e-05
1019,1019,1.0497946948160684e-24
1020,1020,0.8597815036773682
1021,1021,5.899055410256942e-29
1022,1022,3.924579328185018e-09
1023,1023,0.0
1024,1024,0.012218780815601349
1025,1025,0.8344780206680298
1026,1026,5.088273136166777e-10
1027,1027,0.003959416411817074
1028,1028,0.5249728560447693
1029,1029,8.15511853602402e-08
1030,1030,0.9991083741188049
1031,1031,0.18800625205039978
1032,1032,8.975268047016157e-16
1033,1033,3.981073809401208e-34
1034,1034,0.0010769489454105496
1035,1035,2.5147124382840502e-09
1036,1036,2.8777683014347133e-10
1037,1037,2.8544115643919384e-16
1038,1038,3.2831433086263043e-29
1039,1039,2.833936605384224e-06
1040,1040,2.1366462477514344e-26
1041,1041,7.8079809284759e-09
1042,1042,0.009635508991777897
1043,1043,2.4236000359389998e-11
1044,1044,1.0380804269516375e-06
1045,1045,0.0
1046,1046,1.2049042319439707e-10
1047,1047,2.0180043520667823e-06
1048,1048,5.811271673855049e-31
1049,1049,7.181952241808176e-06
1050,1050,4.311456168613022e-25
1051,1051,2.803005605400699e-09
1052,1052,6.580075026518806e-12
1053,1053,8.645105494647906e-31
1054,1054,4.442126733724544e-14
1055,1055,1.0466400993928185e-16
1056,1056,0.0
1057,1057,2.3595422423100358e-14
1058,1058,0.00017822404333855957
1059,1059,7.167420682571007e-14
1060,1060,5.210456947679631e-06
1061,1061,5.853200550831842e-34
1062,1062,0.0
1063,1063,8.979094730113615e-14
1064,1064,0.803722620010376
1065,1065,0.004216955509036779
1066,1066,0.000846049573738128
1067,1067,1.1157193610570203e-33
1068,1068,0.0011868096189573407
1069,1069,0.3173324465751648
1070,1070,7.032779831206426e-05
1071,1071,0.06354177743196487
1072,1072,0.0
1073,1073,0.5251253843307495
1074,1074,1.9022049213557324e-10
1075,1075,3.104392121144883e-08
1076,1076,1.1838316822831985e-05
1077,1077,0.0
1078,1078,0.0
1079,1079,0.0
1080,1080,5.212716651555038e-13
1081,1081,2.482064556616405e-25
1082,1082,0.4804033935070038
1083,1083,1.1832459676952567e-05
1084,1084,0.0016520645003765821
1085,1085,6.323166599031538e-05
1086,1086,2.289161056978628e-05
1087,1087,7.017337111392408e-07
1088,1088,8.587733822673638e-12
1089,1089,0.9995443224906921
1090,1090,1.5854238061274728e-11
1091,1091,5.4500472180338486e-17
1092,1092,6.837843291893554e-33
1093,1093,6.658949514839682e-15
1094,1094,0.3615991771221161
1095,1095,0.0
1096,1096,4.421035759705205e-11
1097,1097,0.007069325540214777
1098,1098,5.117862981196832e-21
1099,1099,0.08078347146511078
1100,1100,0.00019815907580778003
1101,1101,0.9960823655128479
1102,1102,0.0
1103,1103,5.819738788104267e-11
1104,1104,9.960777758166728e-10
1105,1105,5.705031464267791e-22
1106,1106,1.184277789434418e-05
1107,1107,0.04188987612724304
1108,1108,0.0014100167900323868
1109,1109,0.01801368221640587
1110,1110,3.355487933731638e-05
1111,1111,1.6996971607952105e-09
1112,1112,0.0038231941871345043
1113,1113,0.9998313188552856
1114,1114,5.467449000207125e-07
1115,1115,2.0097049300030515e-20
1116,1116,0.005375876557081938
1117,1117,5.251588920504493e-16
1118,1118,0.0010657969396561384
1119,1119,0.42844250798225403
1120,1120,7.65782306122228e-24
1121,1121,0.00014896343054715544
1122,1122,0.9107605218887329
1123,1123,8.562237781006843e-06
1124,1124,0.9862990975379944
1125,1125,0.9495308995246887
1126,1126,0.00045345103717409074
1127,1127,5.3625863749573455e-09
1128,1128,1.3168440670453891e-30
1129,1129,0.0060572377406060696
1130,1130,0.5209340453147888
1131,1131,5.668125445599574e-17
1132,1132,4.9353956477204974e-09
1133,1133,0.0018199457554146647
1134,1134,0.050374772399663925
1135,1135,0.0
1136,1136,8.527002048905943e-38
1137,1137,0.9993464350700378
1138,1138,3.0453145427600248e-06
1139,1139,1.6671279468027933e-08
1140,1140,0.0004546020645648241
1141,1141,0.021002953872084618
1142,1142,8.351622171609563e-11
1143,1143,0.0
1144,1144,4.289981995465391e-17
1145,1145,0.019864512607455254
1146,1146,0.7734610438346863
1147,1147,0.0
1148,1148,2.9251662447967847e-18
1149,1149,0.0015517199644818902
1150,1150,0.0015440204879269004
1151,1151,0.6792795658111572
1152,1152,0.00339026958681643
1153,1153,0.0
1154,1154,0.7435269355773926
1155,1155,5.655392265602188e-10
1156,1156,0.004249087534844875
1157,1157,7.1196009088225765e-09
1158,1158,9.409593937359517e-11
1159,1159,2.261015481508366e-07
1160,1160,2.7284837055192336e-15
1161,1161,0.15697139501571655
1162,1162,2.0703931902232853e-09
1163,1163,0.006743970792740583
1164,1164,3.0930111172511447e-18
1165,1165,0.44034481048583984
1166,1166,6.114103946722056e-19
1167,1167,6.833451334387064e-05
1168,1168,0.0
1169,1169,5.004478111914068e-07
1170,1170,0.0
1171,1171,0.9827820658683777
1172,1172,0.6792801022529602
1173,1173,0.0022590516600757837
1174,1174,7.448346150340512e-05
1175,1175,1.5776653299326426e-06
1176,1176,1.3344762849008124e-13
1177,1177,1.3477683832535555e-23
1178,1178,1.5063934365322722e-21
1179,1179,1.7106904476750693e-20
1180,1180,0.002027285983785987
1181,1181,2.1385594684009135e-10
1182,1182,2.97457180957212e-36
1183,1183,0.9983820915222168
1184,1184,0.0
1185,1185,1.0157692287293685e-07
1186,1186,0.010403350926935673
1187,1187,6.094720168640322e-22
1188,1188,0.007015162613242865
1189,1189,1.6655147855489105e-14
1190,1190,0.0
1191,1191,0.010624906979501247
1192,1192,0.7099155187606812
1193,1193,3.2033537022432684e-18
1194,1194,0.837735116481781
1195,1195,2.681792928906089e-28
1196,1196,3.0115870908176134e-10
1197,1197,2.761704536169418e-06
1198,1198,7.843425919418223e-06
1199,1199,0.0
1200,1200,4.276348164466981e-09
1201,1201,0.0
1202,1202,1.0955790719080483e-09
1203,1203,1.8824950132056983e-07
1204,1204,7.5650156361462e-08
1205,1205,0.3041810095310211
1206,1206,1.6136965267071312e-29
1207,1207,0.0
1208,1208,2.049529395191575e-21
1209,1209,0.9982190728187561
1210,1210,1.56855027437849e-33
1211,1211,0.7404873371124268
1212,1212,0.6539527773857117
1213,1213,0.9763960242271423
1214,1214,4.850947524530011e-15
1215,1215,2.630626295285765e-05
1216,1216,5.986142774506119e-16
1217,1217,0.37433627247810364
1218,1218,0.3772462010383606
1219,1219,6.468710580520565e-06
1220,1220,7.075417508828341e-12
1221,1221,4.742152004411082e-09
1222,1222,1.007642320277613e-13
1223,1223,0.0020317286252975464
1224,1224,0.3615991175174713
1225,1225,0.0
1226,1226,0.9345270395278931
1227,1227,0.0
1228,1228,0.0
1229,1229,0.33272692561149597
1230,1230,2.9906758473836875e-18
1231,1231,1.0810023517152782e-22
1232,1232,0.0
1233,1233,1.2016296703325213e-13
1234,1234,2.4651775412665167e-11
1235,1235,0.04336008056998253
1236,1236,0.0014869917649775743
1237,1237,3.304649054403086e-10
1238,1238,0.005375583190470934
1239,1239,0.00026820116909220815
1240,1240,1.283636720472714e-06
1241,1241,3.895628932386655e-16
1242,1242,2.0694132518706e-10
1243,1243,7.723337892623014e-15
1244,1244,4.1071678182163315e-25
1245,1245,0.011044720187783241
1246,1246,0.8973997831344604
1247,1247,2.1329277953350893e-23
1248,1248,0.0005391498561948538
1249,1249,0.3994773328304291
1250,1250,0.03289174661040306
1251,1251,0.05107947811484337
1252,1252,3.8945710545412737e-10
1253,1253,8.448339627875612e-08
1254,1254,0.001731609576381743
1255,1255,0.9993851184844971
1256,1256,0.8187246918678284
1257,1257,0.3771534562110901
1258,1258,0.03581283986568451
1259,1259,0.9403393864631653
1260,1260,0.004697841592133045
1261,1261,6.675998948035319e-20
1262,1262,7.505264743024043e-10
1263,1263,0.0001097480853786692
1264,1264,0.0028712537605315447
1265,1265,0.9982991814613342
1266,1266,0.024951817467808723
1267,1267,0.0
1268,1268,0.0012892422964796424
1269,1269,0.025942139327526093
1270,1270,0.011585058644413948
1271,1271,0.014032263308763504
1272,1272,4.517606066656299e-05
1273,1273,0.0002135091635864228
1274,1274,4.837126948779124e-22
1275,1275,1.0617222162209727e-12
1276,1276,3.4057345832394503e-10
1277,1277,3.32303206960205e-05
1278,1278,0.27779078483581543
1279,1279,0.010615662671625614
1280,1280,0.03461163491010666
1281,1281,9.84555529122059e-18
1282,1282,7.984970746811144e-21
1283,1283,0.005404202733188868
1284,1284,2.5963143057036732e-17
1285,1285,1.919779422644664e-15
1286,1286,1.1462154816399561e-06
1287,1287,2.4109093033075624e-07
1288,1288,2.1027799556711574e-36
1289,1289,0.8248312473297119
1290,1290,0.0
1291,1291,0.12022930383682251
1292,1292,9.208230039803311e-06
1293,1293,8.380344335146006e-11
1294,1294,0.01485666073858738
1295,1295,0.0
1296,1296,1.0730630273236841e-10
1297,1297,0.41908472776412964
1298,1298,0.0026077541988343
1299,1299,2.376540123805171e-06
1300,1300,0.0
1301,1301,0.0
1302,1302,0.00018576500588096678
1303,1303,0.008632589131593704
1304,1304,0.0
1305,1305,4.42281227381629e-20
1306,1306,0.8371490240097046
1307,1307,0.007947191596031189
1308,1308,0.000843999907374382
1309,1309,2.425588718324434e-06
1310,1310,0.005468805320560932
1311,1311,0.0035255637485533953
1312,1312,0.044178690761327744
1313,1313,0.7733671069145203
1314,1314,5.331660888089477e-25
1315,1315,0.0
1316,1316,0.00010827306687133387
1317,1317,2.3199193744479166e-25
1318,1318,8.352197369276837e-07
1319,1319,0.3267422020435333
1320,1320,8.515808689801781e-18
1321,1321,0.9866722822189331
1322,1322,2.8412314008604165e-18
1323,1323,5.730466341447027e-07
1324,1324,0.0012798503739759326
1325,1325,6.124781066318974e-06
1326,1326,3.9723016971574927e-36
1327,1327,0.0
1328,1328,0.9997566342353821
1329,1329,0.6733666062355042
1330,1330,8.022634206267254e-13
1331,1331,4.494692136472131e-19
1332,1332,0.0028005926869809628
1333,1333,0.45624494552612305
1334,1334,3.8829370168969035e-05
1335,1335,0.34298181533813477
1336,1336,0.3381064236164093
1337,1337,3.6355646271246655e-10
1338,1338,0.0004063814994879067
1339,1339,0.0
1340,1340,0.0
1341,1341,0.5207563042640686
1342,1342,0.4280380606651306
1343,1343,0.005295431241393089
1344,1344,2.7847914081091657e-24
1345,1345,0.9879152774810791
1346,1346,1.0295817725838801e-21
1347,1347,0.8702830672264099
1348,1348,1.8044550229023848e-13
1349,1349,0.011535650119185448
1350,1350,0.0
1351,1351,0.9974398612976074
1352,1352,2.2090649508754723e-05
1353,1353,0.9983088970184326
1354,1354,0.003283887868747115
1355,1355,3.2414862971563707e-07
1356,1356,0.44035232067108154
1357,1357,0.9920835494995117
1358,1358,0.001125037088058889
1359,1359,0.557939350605011
1360,1360,2.2450242340710247e-06
1361,1361,7.853790309575473e-24
1362,1362,0.0001006943202810362
1363,1363,0.06765257567167282
1364,1364,8.718148336583909e-08
1365,1365,0.022880276665091515
1366,1366,1.286739638450829e-11
1367,1367,3.0860589950748815e-17
1368,1368,1.0494909474800806e-06
1369,1369,8.156519015756203e-08
1370,1370,4.944560871855685e-10
1371,1371,6.177132186969492e-15
1372,1372,0.00016416980361100286
1373,1373,0.00013787006901111454
1374,1374,0.0
1375,1375,0.9986509680747986
1376,1376,1.8038981579593383e-05
1377,1377,0.005135833285748959
1378,1378,0.00020391400903463364
1379,1379,1.1086528372991839e-15
1380,1380,0.9965984225273132
1381,1381,6.528121793136776e-12
1382,1382,6.570586265297607e-05
1383,1383,2.8649393968294135e-08
1384,1384,1.691978356709181e-29
1385,1385,1.0918331099674106e-05
1386,1386,0.0015755376080051064
1387,1387,0.03246745839715004
1388,1388,2.7770669807328547e-25
1389,1389,2.5839588602138974e-07
1390,1390,3.3746490035265284e-19
1391,1391,1.3868071968570206e-10
1392,1392,2.178326758479837e-37
1393,1393,2.981680381708429e-06
1394,1394,1.8346863726037554e-05
1395,1395,2.085015564639135e-21
1396,1396,7.902551777131278e-35
1397,1397,0.9997468590736389
1398,1398,0.012007899582386017
1399,1399,6.555801746815545e-18
1400,1400,2.8784289416583934e-35
1401,1401,1.804584826459177e-05
1402,1402,0.0
1403,1403,9.802609299367632e-14
1404,1404,0.9996874332427979
1405,1405,0.0001248533371835947
1406,1406,5.485975007601951e-10
1407,1407,0.0011558622354641557
1408,1408,0.7041950821876526
1409,1409,0.9876282215118408
1410,1410,0.23613406717777252
1411,1411,2.5169525542878546e-05
1412,1412,1.4012578049005242e-06
1413,1413,4.537245145569413e-14
1414,1414,4.472626696089277e-12
1415,1415,1.2114674901617235e-32
1416,1416,3.665110853035003e-05
1417,1417,1.347847273791558e-07
1418,1418,4.3414235761929376e-08
1419,1419,1.4832545502940775e-06
1420,1420,0.9979307651519775
1421,1421,1.703972907035581e-38
1422,1422,0.0003243458631914109
1423,1423,1.5185910307025097e-09
1424,1424,0.0029686971101909876
1425,1425,0.5146862864494324
1426,1426,0.99569171667099
1427,1427,5.5360687838401645e-06
1428,1428,1.6503196073982315e-15
1429,1429,0.004096953198313713
1430,1430,4.368223283091055e-10
1431,1431,2.986272118477018e-09
1432,1432,0.4193267524242401
1433,1433,0.0
1434,1434,1.5107337603126325e-08
1435,1435,0.0
1436,1436,7.166530849644914e-06
1437,1437,0.00017156075045932084
1438,1438,0.0
1439,1439,0.41931623220443726
1440,1440,4.297317981061949e-14
1441,1441,4.6681807361892425e-06
1442,1442,0.003987054340541363
1443,1443,8.090572009677999e-06
1444,1444,6.262115448407712e-08
1445,1445,0.8431642055511475
1446,1446,0.9970701932907104
1447,1447,3.0460489142569713e-05
1448,1448,1.336315362835891e-13
1449,1449,0.0
1450,1450,0.00161859137006104
1451,1451,0.8393414616584778
1452,1452,0.003154193749651313
1453,1453,0.005209822673350573
1454,1454,1.4462692832472282e-24
1455,1455,1.4675994904787255e-24
1456,1456,0.009425701573491096
1457,1457,1.6272649258625447e-22
1458,1458,0.0
1459,1459,0.07681402564048767
1460,1460,3.788518831981946e-09
1461,1461,0.0
1462,1462,0.015421885997056961
1463,1463,1.7083071653299056e-16
1464,1464,3.628297478002612e-14
1465,1465,0.0
1466,1466,0.0002857385261449963
1467,1467,0.32428640127182007
1468,1468,0.033071838319301605
1469,1469,3.604870312688893e-26
1470,1470,0.03537234291434288
1471,1471,2.7608273757531437e-21
1472,1472,0.9433633685112
1473,1473,3.743841165906083e-19
1474,1474,0.006406789179891348
1475,1475,0.0
1476,1476,3.7559634222250615e-12
1477,1477,0.01098372507840395
1478,1478,0.00017614636453799903
1479,1479,0.03400604799389839
1480,1480,1.7622842340145675e-14
1481,1481,1.325706335819632e-07
1482,1482,0.0
1483,1483,7.905644849870441e-08
1484,1484,0.0006437009433284402
1485,1485,4.928363966927307e-11
1486,1486,4.481115517680722e-19
1487,1487,2.4633012126825817e-19
1488,1488,6.410784081417443e-17
1489,1489,0.0
1490,1490,1.70385974474049e-26
1491,1491,0.0006499734590761364
1492,1492,9.231658840147539e-12
1493,1493,1.7089737958109197e-10
1494,1494,0.9984682202339172
1495,1495,0.00019394574337638915
1496,1496,2.4630984626128338e-05
1497,1497,0.5038748383522034
1498,1498,1.4984180779720191e-05
1499,1499,1.347766084828422e-19
1500,1500,1.8818709660161102e-16
1501,1501,0.0
1502,1502,1.774989389410203e-13
1503,1503,2.1378276926498074e-08
1504,1504,0.00015987899678293616
1505,1505,5.833889645145973e-06
1506,1506,0.36159926652908325
1507,1507,0.9638832211494446
1508,1508,1.1691586223605555e-05
1509,1509,5.4259253090549464e-08
1510,1510,7.041718115064887e-20
1511,1511,0.9978592991828918
1512,1512,2.6144630080673914e-13
1513,1513,1.929405698319897e-06
1514,1514,0.7915772795677185
1515,1515,0.525262713432312
1516,1516,0.7642788290977478
1517,1517,0.7644789814949036
1518,1518,0.02613111212849617
1519,1519,1.210507434734609e-05
1520,1520,7.479352558420271e-22
1521,1521,0.19135117530822754
1522,1522,0.0
1523,1523,6.38547544440371e-06
1524,1524,0.4192320704460144
1525,1525,9.412416457138181e-14
1526,1526,7.895085279985281e-11
1527,1527,0.00706616323441267
1528,1528,0.0004157233634032309
1529,1529,1.871900634498047e-09
1530,1530,0.17948855459690094
1531,1531,9.686521662821957e-25
1532,1532,4.838623390845953e-10
1533,1533,4.3961947404546673e-38
1534,1534,4.782589324570097e-10
1535,1535,0.001568571082316339
1536,1536,1.0428616858959572e-09
1537,1537,1.3849860806658398e-05
1538,1538,0.9114101529121399
1539,1539,9.546019956525337e-19
1540,1540,2.432816448294517e-11
1541,1541,0.034214239567518234
1542,1542,3.034040929605908e-08
1543,1543,0.9955720901489258
1544,1544,0.9144091010093689
1545,1545,2.302018037880771e-05
1546,1546,0.07089479267597198
1547,1547,1.6998800447254325e-06
1548,1548,0.0
1549,1549,0.030856875702738762
1550,1550,1.9619122966636464e-30
1551,1551,8.742818136120434e-10
1552,1552,1.164499052741519e-10
1553,1553,3.151874323616184e-18
1554,1554,0.0
1555,1555,1.6457127852299364e-21
1556,1556,0.05724034830927849
1557,1557,1.5044128165442316e-09
1558,1558,6.654031547981276e-09
1559,1559,0.0006085020140744746
1560,1560,1.7218147831954411e-06
1561,1561,6.9509629163633235e-09
1562,1562,3.342417082040708e-14
1563,1563,3.124947625110508e-07
1564,1564,1.2495085887348023e-25
1565,1565,0.5251559019088745
1566,1566,5.702172622967794e-10
1567,1567,0.0
1568,1568,5.808602015969981e-27
1569,1569,0.0001250402710866183
1570,1570,0.09183123707771301
1571,1571,0.0008912553312256932
1572,1572,0.0
1573,1573,0.9991870522499084
1574,1574,6.128320092102513e-05
1575,1575,0.0054700919426977634
1576,1576,0.00016441653133369982
1577,1577,4.744771239245344e-26
1578,1578,2.007671184856008e-08
1579,1579,0.0014829757856205106
1580,1580,1.5514339812838784e-09
1581,1581,0.46900519728660583
1582,1582,6.05601957470725e-10
1583,1583,0.47719940543174744
1584,1584,3.301338712139242e-23
1585,1585,0.0
1586,1586,0.04251451790332794
1587,1587,0.0009126176591962576
1588,1588,1.8787421618426947e-10
1589,1589,1.636002799898506e-08
1590,1590,0.0012492190580815077
1591,1591,0.8743674755096436
1592,1592,4.0189415684288576e-10
1593,1593,0.23868411779403687
1594,1594,4.62246813037048e-24
1595,1595,0.6762028932571411
1596,1596,3.5207074206382035e-25
1597,1597,0.3076000511646271
1598,1598,1.5762016118969768e-05
1599,1599,2.0255922208889388e-05
1600,1600,0.002660132013261318
1601,1601,2.7395019515097374e-06
1602,1602,0.44035372138023376
1603,1603,2.717034840316046e-05
1604,1604,6.029107768590336e-10
1605,1605,1.3069725096976331e-19
1606,1606,1.1237147808895726e-19
1607,1607,2.0875081481875363e-27
1608,1608,0.0006831123027950525
1609,1609,0.0
1610,1610,0.004627196583896875
1611,1611,0.005295958369970322
1612,1612,2.9959206671037464e-08
1613,1613,0.0007911239517852664
1614,1614,0.19686996936798096
1615,1615,0.0015792534686625004
1616,1616,1.2937884606805057e-25
1617,1617,7.783783518991796e-14
1618,1618,1.2058893844368868e-05
1619,1619,0.005858074873685837
1620,1620,0.019506212323904037
1621,1621,0.00012648856500163674
1622,1622,2.3494739487261995e-10
1623,1623,0.022203076630830765
1624,1624,0.2955351769924164
1625,1625,1.209196696765058e-12
1626,1626,0.9591530561447144
1627,1627,0.9990111589431763
1628,1628,0.8454894423484802
1629,1629,0.4327148199081421
1630,1630,8.541439214343126e-27
1631,1631,0.0
1632,1632,0.0
1633,1633,0.5528444051742554
1634,1634,2.5147893284048863e-20
1635,1635,2.641389169021069e-13
1636,1636,0.9869289398193359
1637,1637,0.016741130501031876
1638,1638,0.0002788940619211644
1639,1639,0.0
1640,1640,0.00030041206628084183
1641,1641,6.993823444495267e-28
1642,1642,0.9986944794654846
1643,1643,4.3832740098885355e-20
1644,1644,1.5833815581920395e-14
1645,1645,0.0054726554080843925
1646,1646,0.04482721537351608
1647,1647,0.10978977382183075
1648,1648,0.8491138219833374
1649,1649,0.0004988058935850859
1650,1650,0.00011690719111356884
1651,1651,4.664231591808883e-18
1652,1652,1.4086900372062266e-20
1653,1653,3.56373329295007e-31
1654,1654,1.6683749493040523e-08
1655,1655,7.837915291020181e-06
1656,1656,8.194900138989153e-22
1657,1657,0.9991427659988403
1658,1658,3.2554354177649625e-12
1659,1659,0.5900927186012268
1660,1660,2.6670329589251196e-06
1661,1661,0.0040906197391450405
1662,1662,6.972221022749636e-09
1663,1663,1.0933207464369765e-12
1664,1664,2.1406624187386003e-24
1665,1665,7.254596766870236e-06
1666,1666,0.9044045209884644
1667,1667,1.760462176036981e-08
1668,1668,0.006847936660051346
1669,1669,1.058174632362352e-07
1670,1670,2.7388674542061683e-32
1671,1671,0.0
1672,1672,2.448301898162465e-35
1673,1673,0.9997832179069519
1674,1674,0.37724071741104126
1675,1675,8.739638507649787e-24
1676,1676,5.469943425850943e-05
1677,1677,7.021906385344667e-13
1678,1678,3.1228019281570596e-08
1679,1679,0.8378210663795471
1680,1680,6.18846640598747e-11
1681,1681,4.524367339109325e-11
1682,1682,2.879910198316793e-06
1683,1683,4.825886321668804e-07
1684,1684,0.5251864194869995
1685,1685,1.879137040764053e-32
1686,1686,0.013645528815686703
1687,1687,0.0
1688,1688,2.090268198329595e-13
1689,1689,8.178133725778025e-10
1690,1690,0.3615991473197937
1691,1691,4.032589800279096e-12
1692,1692,3.652188268819216e-37
1693,1693,0.0
1694,1694,3.759243276620359e-32
1695,1695,3.9043894162205106e-07
1696,1696,3.9806323911761865e-05
1697,1697,0.5982856154441833
1698,1698,0.6533215641975403
1699,1699,6.10890201642178e-05
1700,1700,2.0078127819028036e-27
1701,1701,0.37713712453842163
1702,1702,3.0522563003980635e-26
1703,1703,4.3099709442147055e-20
1704,1704,0.5723156929016113
1705,1705,0.0
1706,1706,0.7431107759475708
1707,1707,1.699495494997952e-36
1708,1708,0.0018374859355390072
1709,1709,0.005969381425529718
1710,1710,3.733100678016479e-20
1711,1711,1.4860675755129292e-30
1712,1712,0.005218625534325838
1713,1713,1.6833357221912593e-05
1714,1714,4.41959968013688e-31
1715,1715,5.399910726899826e-11
1716,1716,9.62367051367148e-36
1717,1717,0.0
1718,1718,0.0008209816878661513
1719,1719,8.834536657786884e-08
1720,1720,0.0
1721,1721,1.543606318692352e-35
1722,1722,0.0018401694251224399
1723,1723,0.9854558110237122
1724,1724,1.0721227547387191e-16
1725,1725,5.10935763031739e-07
1726,1726,2.2120205667164328e-09
1727,1727,0.0
1728,1728,0.0007770016673021019
1729,1729,8.354054870096661e-08
1730,1730,8.93923554357944e-20
1731,1731,2.7653049988751732e-11
1732,1732,1.3390852473094128e-05
1733,1733,0.03038238361477852
1734,1734,2.302732127645868e-06
1735,1735,9.210013558913488e-06
1736,1736,0.003873703069984913
1737,1737,0.0
1738,1738,2.8400808815831624e-08
1739,1739,2.0435683338402535e-25
1740,1740,1.943428795944602e-18
1741,1741,3.196772411229176e-07
1742,1742,1.6283444346796853e-23
1743,1743,2.878066697040289e-20
1744,1744,1.6467236379047738e-21
1745,1745,5.698626738070732e-18
1746,1746,1.0027886478480917e-15
1747,1747,1.3716906083205416e-11
1748,1748,0.03516900911927223
1749,1749,0.0
1750,1750,9.388845041888664e-20
1751,1751,0.46793901920318604
1752,1752,1.6675818415023969e-07
1753,1753,0.0017442594980821013
1754,1754,1.298532535782743e-29
1755,1755,0.01739639602601528
1756,1756,0.0
1757,1757,1.4793033117910248e-11
1758,1758,0.0
1759,1759,3.175530158851067e-17
1760,1760,0.07921946793794632
1761,1761,8.99786058994323e-08
1762,1762,3.481297028429253e-07
1763,1763,0.00010039288463303819
1764,1764,9.955723718297824e-14
1765,1765,0.08558718860149384
1766,1766,7.009094693533058e-11
1767,1767,8.522559040427172e-35
1768,1768,0.013202691450715065
1769,1769,4.4187544290252845e-07
1770,1770,0.9727953672409058
1771,1771,4.2690527379818377e-07
1772,1772,0.3054642677307129
1773,1773,0.4403577744960785
1774,1774,0.006070282310247421
1775,1775,0.0
1776,1776,2.2681532741802802e-15
1777,1777,5.083751602796838e-06
1778,1778,0.0
1779,1779,0.0016996589256450534
1780,1780,0.01771647296845913
1781,1781,0.0021467693150043488
1782,1782,0.04444068297743797
1783,1783,9.25099229789339e-05
1784,1784,0.9759044051170349
1785,1785,8.774988968775347e-30
1786,1786,0.001247480744495988
1787,1787,3.3057765449484577e-06
1788,1788,0.0
1789,1789,0.002129961969330907
1790,1790,0.44035574793815613
1791,1791,4.4401482976938185e-16
1792,1792,1.587178742766547e-26
1793,1793,0.8173435926437378
1794,1794,3.464354960451636e-16
1795,1795,0.00018389832985121757
1796,1796,0.6372151374816895
1797,1797,6.116199546823964e-09
1798,1798,5.203049795454717e-07
1799,1799,4.0065725495460827e-29
1800,1800,6.973856943659484e-05
1801,1801,1.3553138167310408e-08
1802,1802,0.0
1803,1803,0.996954083442688
1804,1804,0.0001855970040196553
1805,1805,0.5839397311210632
1806,1806,2.4867773618098e-08
1807,1807,0.0027748856227844954
1808,1808,2.648199659560646e-09
1809,1809,0.30494314432144165
1810,1810,3.0764123948756605e-05
1811,1811,0.0036816245410591364
1812,1812,0.0
1813,1813,5.4147950137144924e-18
1814,1814,0.00953520368784666
1815,1815,0.0
1816,1816,0.001970515586435795
1817,1817,9.535222874365998e-24
1818,1818,0.004412856884300709
1819,1819,0.990412175655365
1820,1820,5.104813273482112e-12
1821,1821,1.9718256975563344e-28
1822,1822,0.013957646675407887
1823,1823,7.205272930129994e-27
1824,1824,0.9552268981933594
1825,1825,2.2496613946709765e-11
1826,1826,4.8838405541928864e-11
1827,1827,0.0
1828,1828,1.9785819205253574e-08
1829,1829,0.0444566011428833
1830,1830,1.0955996003758628e-05
1831,1831,5.492053269336639e-19
1832,1832,0.00020303553901612759
1833,1833,0.00021971693786326796
1834,1834,0.0031629556324332952
1835,1835,4.9887828534612085e-17
1836,1836,0.0006176746683195233
1837,1837,4.4023928925072953e-13
1838,1838,2.3733284706395352e-06
1839,1839,0.8591403961181641
1840,1840,7.424772514369152e-37
1841,1841,9.84359198967324e-35
1842,1842,0.009829086251556873
1843,1843,5.400717100201291e-07
1844,1844,0.0018501406302675605
1845,1845,0.0
1846,1846,7.406670832210693e-10
1847,1847,0.0015148066449910402
1848,1848,1.425130498535637e-15
1849,1849,1.0107192593977743e-07
1850,1850,9.139249686901385e-14
1851,1851,8.52937132814896e-13
1852,1852,2.5860095387560236e-21
1853,1853,0.0
1854,1854,3.170620987980044e-10
1855,1855,0.25723615288734436
1856,1856,8.770024578552693e-06
1857,1857,5.821808324222536e-17
1858,1858,0.0
1859,1859,0.00361238163895905
1860,1860,2.80998017785083e-28
1861,1861,7.715971988234572e-16
1862,1862,9.735076673678122e-06
1863,1863,1.579251396321979e-08
1864,1864,0.0010981283849105239
1865,1865,1.1120113413198851e-05
1866,1866,0.11758478730916977
1867,1867,2.135002538958866e-24
1868,1868,0.0
1869,1869,0.0
1870,1870,0.0004002473142463714
1871,1871,5.932353133175639e-07
1872,1872,1.136457683514891e-08
1873,1873,9.748780671614554e-10
1874,1874,9.747235706287008e-14
1875,1875,1.581302311315369e-10
1876,1876,3.246670710055355e-10
1877,1877,4.518101832218235e-06
1878,1878,1.8008220692422583e-08
1879,1879,0.0001366068609058857
1880,1880,0.0
1881,1881,3.2957570403451955e-20
1882,1882,0.0
1883,1883,0.4290364384651184
1884,1884,0.00010297811968484893
1885,1885,1.0436812412544918e-17
1886,1886,4.32513887985847e-13
1887,1887,0.8821563124656677
1888,1888,8.824372069498589e-29
1889,1889,0.0
1890,1890,0.7548770904541016
1891,1891,0.010651636868715286
1892,1892,2.221200041951076e-27
1893,1893,0.48798996210098267
1894,1894,1.115414701317115e-15
1895,1895,3.071752852079612e-10
1896,1896,0.0016694995574653149
1897,1897,0.0017191831720992923
1898,1898,0.0
1899,1899,3.5990551923479386e-35
1900,1900,3.669778714308729e-14
1901,1901,1.03517382166185e-10
1902,1902,2.272344816719768e-15
1903,1903,0.003152904799208045
1904,1904,1.6855989488672683e-31
1905,1905,7.955746792690649e-15
1906,1906,5.947927638771944e-05
1907,1907,1.17111876430211e-14
1908,1908,0.9158256649971008
1909,1909,0.0
1910,1910,6.509105219265621e-07
1911,1911,0.0029100661631673574
1912,1912,3.8576888350405625e-09
1913,1913,3.649092204620341e-13
1914,1914,8.193254785737736e-08
1915,1915,5.843795861437684e-06
1916,1916,1.8108590148631719e-19
1917,1917,0.7776920795440674
1918,1918,2.3835402316763066e-05
1919,1919,0.009569653309881687
1920,1920,0.5914244055747986
1921,1921,1.7522248754175962e-06
1922,1922,1.359728410595118e-12
1923,1923,1.0036165408440979e-20
1924,1924,2.1308379061224514e-08
1925,1925,3.775320510612801e-05
1926,1926,7.734268429290857e-17
1927,1927,1.2632303785908156e-13
1928,1928,4.36268843273524e-09
1929,1929,0.2688954472541809
1930,1930,0.00032650644425302744
1931,1931,0.08034510165452957
1932,1932,0.00030186306685209274
1933,1933,0.0
1934,1934,0.005534191150218248
1935,1935,5.773989641966182e-07
1936,1936,0.03443131595849991
1937,1937,0.0030551489908248186
1938,1938,1.78743508882917e-08
1939,1939,7.672002681584356e-13
1940,1940,9.077469439944252e-05
1941,1941,0.007877381518483162
1942,1942,0.024137435480952263
1943,1943,0.5773131847381592
1944,1944,0.0013677666429430246
1945,1945,7.038422154437285e-06
1946,1946,0.001925107673741877
1947,1947,0.0038960902020335197
1948,1948,3.2036805290581063e-20
1949,1949,2.6651822838775346e-26
1950,1950,1.3038919530705148e-31
1951,1951,7.15844938881105e-09
1952,1952,0.0001693316298769787
1953,1953,0.0
1954,1954,7.990858284756541e-05
1955,1955,8.153672581556748e-08
1956,1956,0.0
1957,1957,0.992565393447876
1958,1958,0.0020491769537329674
1959,1959,0.5914806127548218
1960,1960,0.10041853040456772
1961,1961,8.433248620043476e-17
1962,1962,0.0020983307622373104
1963,1963,0.007372348103672266
1964,1964,1.2243059344108076e-10
1965,1965,0.2938343584537506
1966,1966,0.009716658852994442
1967,1967,0.004327321425080299
1968,1968,0.010721169412136078
1969,1969,3.0191589672767805e-08
1970,1970,1.2807386156055145e-06
1971,1971,1.6991025136907363e-33
1972,1972,1.3276192589728453e-07
1973,1973,2.4221392891377036e-07
1974,1974,6.408823082892923e-06
1975,1975,0.9992534518241882
1976,1976,0.0
1977,1977,0.07810774445533752
1978,1978,1.4690443128811053e-17
1979,1979,0.0
1980,1980,1.4510410650814265e-09
1981,1981,3.510056245659143e-08
1982,1982,0.011077738367021084
1983,1983,0.0
1984,1984,0.004715016111731529
1985,1985,0.005264047533273697
1986,1986,3.627892725169702e-27
1987,1987,0.0010598086519166827
1988,1988,0.7166147828102112
1989,1989,2.5283782179030823e-06
1990,1990,8.939512396793606e-34
1991,1991,1.4126097501535525e-17
1992,1992,7.635288597729948e-28
1993,1993,0.021547263488173485
1994,1994,1.1679244380502496e-06
1995,1995,7.896865127955677e-14
1996,1996,1.5075236614592313e-09
1997,1997,0.03970931097865105
1998,1998,9.002725248658671e-18
1999,1999,0.011277941055595875
2000,2000,0.0
2001,2001,2.1593087832776494e-20
2002,2002,0.9970651268959045
2003,2003,1.0085248608460162e-13
2004,2004,0.0
2005,2005,0.0
2006,2006,3.829255536518927e-15
2007,2007,0.0011306136148050427
2008,2008,2.505899484936051e-30
2009,2009,5.811329018001743e-08
2010,2010,2.5641276806709357e-05
2011,2011,1.2624070519781725e-16
2012,2012,1.2478055698081358e-14
2013,2013,0.9263374209403992
2014,2014,0.0044684396125376225
2015,2015,3.96848501873803e-21
2016,2016,0.0
2017,2017,0.7874826192855835
2018,2018,1.9228697800688366e-10
2019,2019,6.782006067851398e-10
2020,2020,0.9394100904464722
2021,2021,0.0014711888507008553
2022,2022,0.0009869640925899148
2023,2023,0.01107893418520689
2024,2024,0.0
2025,2025,0.005394605454057455
2026,2026,7.920686534753556e-21
2027,2027,0.8703490495681763
2028,2028,7.056964790308484e-09
2029,2029,1.203776288990089e-14
2030,2030,2.965956803820265e-16
2031,2031,0.0
2032,2032,1.6525567061152248e-14
2033,2033,8.561577420274953e-17
2034,2034,0.9756616353988647
2035,2035,1.6655383158427954e-35
2036,2036,0.3066409230232239
2037,2037,0.0610600970685482
2038,2038,4.216246709404237e-12
2039,2039,3.4015603887382895e-05
2040,2040,0.9162344336509705
2041,2041,0.0015063199680298567
2042,2042,1.7238488434834828e-15
2043,2043,1.6555658532979578e-07
2044,2044,3.923931944882497e-05
2045,2045,1.3761786021859734e-06
2046,2046,0.0
2047,2047,0.04523484408855438
2048,2048,1.1653900067187806e-10
2049,2049,0.9998900890350342
2050,2050,0.02750241570174694
2051,2051,0.12353021651506424
2052,2052,0.05183372274041176
2053,2053,0.0003721128450706601
2054,2054,0.004571211989969015
2055,2055,3.6876019418801843e-17
2056,2056,1.0239140345492901e-29
2057,2057,0.0303875170648098
2058,2058,0.011823372915387154
2059,2059,0.999954342842102
2060,2060,1.2545913201551795e-16
2061,2061,0.045944780111312866
2062,2062,5.749899445461892e-10
2063,2063,3.983438741621964e-14
2064,2064,0.9999017715454102
2065,2065,0.0015890456270426512
2066,2066,0.00012536787835415453
2067,2067,1.1923631182428563e-16
2068,2068,1.1126359847143261e-29
2069,2069,6.684903133739146e-17
2070,2070,0.23780450224876404
2071,2071,1.2626234505879082e-24
2072,2072,0.0004115203919354826
2073,2073,2.019381710460788e-11
2074,2074,5.14735200900656e-35
2075,2075,9.47355911847467e-30
2076,2076,3.57439305372018e-24
2077,2077,0.019449088722467422
2078,2078,0.9346908330917358
2079,2079,3.489310174131788e-08
2080,2080,0.0016758051933720708
2081,2081,0.0
2082,2082,0.0
2083,2083,2.656519732654935e-29
2084,2084,1.2203873165934215e-13
2085,2085,3.603701316023944e-06
2086,2086,0.0019523899536579847
2087,2087,0.13384905457496643
2088,2088,0.000333032279741019
2089,2089,2.103240297085e-18
2090,2090,9.965463686967269e-05
2091,2091,0.8777065873146057
2092,2092,0.00017022636893671006
2093,2093,2.0828587366850115e-05
2094,2094,0.0007092742016538978
2095,2095,2.545037255454419e-18
2096,2096,0.9999679327011108
2097,2097,0.0
2098,2098,4.692566322496428e-13
2099,2099,1.2664160518871537e-11
2100,2100,1.394076911201414e-13
2101,2101,0.0
